frame_number,source_file,capture_time,delta_prev_photo_seconds,delta_prev_frame_seconds,is_hold
1,ART002-E-25472.JPG,2026-04-03T00:21:07.770000-05:00,,,false
2,ART002-E-25472.JPG,2026-04-03T00:21:07.770000-05:00,0.00,5.00,true
3,ART002-E-25472.JPG,2026-04-03T00:21:07.770000-05:00,0.00,5.00,true
4,ART002-E-25472.JPG,2026-04-03T00:21:07.770000-05:00,0.00,5.00,true
5,ART002-E-25472.JPG,2026-04-03T00:21:07.770000-05:00,0.00,5.00,true
6,ART002-E-25472.JPG,2026-04-03T00:21:07.770000-05:00,0.00,5.00,true
7,ART002-E-25472.JPG,2026-04-03T00:21:07.770000-05:00,0.00,5.00,true
8,ART002-E-25472.JPG,2026-04-03T00:21:07.770000-05:00,0.00,5.00,true
9,ART002-E-25472.JPG,2026-04-03T00:21:07.770000-05:00,0.00,5.00,true
10,ART002-E-25472.JPG,2026-04-03T00:21:07.770000-05:00,0.00,5.00,true
11,ART002-E-25472.JPG,2026-04-03T00:21:07.770000-05:00,0.00,5.00,true
12,ART002-E-25472.JPG,2026-04-03T00:21:07.770000-05:00,0.00,5.00,true
13,ART002-E-25472.JPG,2026-04-03T00:21:07.770000-05:00,0.00,5.00,true
14,ART002-E-25472.JPG,2026-04-03T00:21:07.770000-05:00,0.00,5.00,true
15,ART002-E-25472.JPG,2026-04-03T00:21:07.770000-05:00,0.00,5.00,true
16,ART002-E-25472.JPG,2026-04-03T00:21:07.770000-05:00,0.00,5.00,true
17,ART002-E-25472.JPG,2026-04-03T00:21:07.770000-05:00,0.00,5.00,true
18,ART002-E-25472.JPG,2026-04-03T00:21:07.770000-05:00,0.00,5.00,true
19,ART002-E-25472.JPG,2026-04-03T00:21:07.770000-05:00,0.00,5.00,true
20,ART002-E-25472.JPG,2026-04-03T00:21:07.770000-05:00,0.00,5.00,true
21,ART002-E-25472.JPG,2026-04-03T00:21:07.770000-05:00,0.00,5.00,true
22,ART002-E-25472.JPG,2026-04-03T00:21:07.770000-05:00,0.00,5.00,true
23,ART002-E-25472.JPG,2026-04-03T00:21:07.770000-05:00,0.00,5.00,true
24,ART002-E-25472.JPG,2026-04-03T00:21:07.770000-05:00,0.00,5.00,true
25,ART002-E-25472.JPG,2026-04-03T00:21:07.770000-05:00,0.00,5.00,true
26,ART002-E-25472.JPG,2026-04-03T00:21:07.770000-05:00,0.00,5.00,true
27,ART002-E-25472.JPG,2026-04-03T00:21:07.770000-05:00,0.00,5.00,true
28,ART002-E-25472.JPG,2026-04-03T00:21:07.770000-05:00,0.00,5.00,true
29,ART002-E-25472.JPG,2026-04-03T00:21:07.770000-05:00,0.00,5.00,true
30,ART002-E-25472.JPG,2026-04-03T00:21:07.770000-05:00,0.00,5.00,true
31,ART002-E-25472.JPG,2026-04-03T00:21:07.770000-05:00,0.00,5.00,true
32,ART002-E-25472.JPG,2026-04-03T00:21:07.770000-05:00,0.00,5.00,true
33,ART002-E-25472.JPG,2026-04-03T00:21:07.770000-05:00,0.00,5.00,true
34,ART002-E-25472.JPG,2026-04-03T00:21:07.770000-05:00,0.00,5.00,true
35,ART002-E-25472.JPG,2026-04-03T00:21:07.770000-05:00,0.00,5.00,true
36,ART002-E-25472.JPG,2026-04-03T00:21:07.770000-05:00,0.00,5.00,true
37,ART002-E-25472.JPG,2026-04-03T00:21:07.770000-05:00,0.00,5.00,true
38,ART002-E-25472.JPG,2026-04-03T00:21:07.770000-05:00,0.00,5.00,true
39,ART002-E-25472.JPG,2026-04-03T00:21:07.770000-05:00,0.00,5.00,true
40,ART002-E-25472.JPG,2026-04-03T00:21:07.770000-05:00,0.00,5.00,true
41,ART002-E-25473.JPG,2026-04-03T00:24:26.910000-05:00,199.14,5.00,false
42,ART002-E-25473.JPG,2026-04-03T00:24:26.910000-05:00,0.00,5.00,true
43,ART002-E-25473.JPG,2026-04-03T00:24:26.910000-05:00,0.00,5.00,true
44,ART002-E-25474.JPG,2026-04-03T00:24:42.890000-05:00,15.98,5.00,false
45,ART002-E-25475.JPG,2026-04-03T00:24:42.970000-05:00,0.08,5.00,false
46,ART002-E-25476.JPG,2026-04-03T00:24:59.600000-05:00,16.63,5.00,false
47,ART002-E-25477.JPG,2026-04-03T00:24:59.820000-05:00,0.22,5.00,false
48,ART002-E-25478.JPG,2026-04-03T00:24:59.900000-05:00,0.08,5.00,false
49,ART002-E-25479.JPG,2026-04-03T00:25:16.380000-05:00,16.48,5.00,false
50,ART002-E-25480.JPG,2026-04-03T00:25:16.810000-05:00,0.43,5.00,false
51,ART002-E-25481.JPG,2026-04-03T00:25:17.030000-05:00,0.22,5.00,false
52,ART002-E-25482.JPG,2026-04-03T00:25:34.410000-05:00,17.38,5.00,false
53,ART002-E-25483.JPG,2026-04-03T00:25:34.630000-05:00,0.22,5.00,false
54,ART002-E-25484.JPG,2026-04-03T00:25:34.860000-05:00,0.23,5.00,false
55,ART002-E-25485.JPG,2026-04-03T00:25:57.630000-05:00,22.77,5.00,false
56,ART002-E-25486.JPG,2026-04-03T00:25:57.900000-05:00,0.27,5.00,false
57,ART002-E-25487.JPG,2026-04-03T00:25:58.130000-05:00,0.23,5.00,false
58,ART002-E-25488.JPG,2026-04-03T00:26:12.030000-05:00,13.90,5.00,false
59,ART002-E-25489.JPG,2026-04-03T00:26:12.290000-05:00,0.26,5.00,false
60,ART002-E-25490.JPG,2026-04-03T00:26:12.540000-05:00,0.25,5.00,false
61,ART002-E-25491.JPG,2026-04-03T00:27:20.410000-05:00,67.87,5.00,false
62,ART002-E-25492.JPG,2026-04-03T00:27:38.970000-05:00,18.56,5.00,false
63,ART002-E-25492.JPG,2026-04-03T00:27:38.970000-05:00,0.00,5.00,true
64,ART002-E-25492.JPG,2026-04-03T00:27:38.970000-05:00,0.00,5.00,true
65,ART002-E-25492.JPG,2026-04-03T00:27:38.970000-05:00,0.00,5.00,true
66,ART002-E-25492.JPG,2026-04-03T00:27:38.970000-05:00,0.00,5.00,true
67,ART002-E-25492.JPG,2026-04-03T00:27:38.970000-05:00,0.00,5.00,true
68,ART002-E-25492.JPG,2026-04-03T00:27:38.970000-05:00,0.00,5.00,true
69,ART002-E-25492.JPG,2026-04-03T00:27:38.970000-05:00,0.00,5.00,true
70,ART002-E-25492.JPG,2026-04-03T00:27:38.970000-05:00,0.00,5.00,true
71,ART002-E-25492.JPG,2026-04-03T00:27:38.970000-05:00,0.00,5.00,true
72,ART002-E-25492.JPG,2026-04-03T00:27:38.970000-05:00,0.00,5.00,true
73,ART002-E-25492.JPG,2026-04-03T00:27:38.970000-05:00,0.00,5.00,true
74,ART002-E-25492.JPG,2026-04-03T00:27:38.970000-05:00,0.00,5.00,true
75,ART002-E-25492.JPG,2026-04-03T00:27:38.970000-05:00,0.00,5.00,true
76,ART002-E-25492.JPG,2026-04-03T00:27:38.970000-05:00,0.00,5.00,true
77,ART002-E-25492.JPG,2026-04-03T00:27:38.970000-05:00,0.00,5.00,true
78,ART002-E-25492.JPG,2026-04-03T00:27:38.970000-05:00,0.00,5.00,true
79,ART002-E-25492.JPG,2026-04-03T00:27:38.970000-05:00,0.00,5.00,true
80,ART002-E-25492.JPG,2026-04-03T00:27:38.970000-05:00,0.00,5.00,true
81,ART002-E-25492.JPG,2026-04-03T00:27:38.970000-05:00,0.00,5.00,true
82,ART002-E-25492.JPG,2026-04-03T00:27:38.970000-05:00,0.00,5.00,true
83,ART002-E-25492.JPG,2026-04-03T00:27:38.970000-05:00,0.00,5.00,true
84,ART002-E-25492.JPG,2026-04-03T00:27:38.970000-05:00,0.00,5.00,true
85,ART002-E-25492.JPG,2026-04-03T00:27:38.970000-05:00,0.00,5.00,true
86,ART002-E-25492.JPG,2026-04-03T00:27:38.970000-05:00,0.00,5.00,true
87,ART002-E-25492.JPG,2026-04-03T00:27:38.970000-05:00,0.00,5.00,true
88,ART002-E-25492.JPG,2026-04-03T00:27:38.970000-05:00,0.00,5.00,true
89,ART002-E-25492.JPG,2026-04-03T00:27:38.970000-05:00,0.00,5.00,true
90,ART002-E-25492.JPG,2026-04-03T00:27:38.970000-05:00,0.00,5.00,true
91,ART002-E-25492.JPG,2026-04-03T00:27:38.970000-05:00,0.00,5.00,true
92,ART002-E-25492.JPG,2026-04-03T00:27:38.970000-05:00,0.00,5.00,true
93,ART002-E-25492.JPG,2026-04-03T00:27:38.970000-05:00,0.00,5.00,true
94,ART002-E-25492.JPG,2026-04-03T00:27:38.970000-05:00,0.00,5.00,true
95,ART002-E-25492.JPG,2026-04-03T00:27:38.970000-05:00,0.00,5.00,true
96,ART002-E-25492.JPG,2026-04-03T00:27:38.970000-05:00,0.00,5.00,true
97,ART002-E-25492.JPG,2026-04-03T00:27:38.970000-05:00,0.00,5.00,true
98,ART002-E-25492.JPG,2026-04-03T00:27:38.970000-05:00,0.00,5.00,true
99,ART002-E-25492.JPG,2026-04-03T00:27:38.970000-05:00,0.00,5.00,true
100,ART002-E-25492.JPG,2026-04-03T00:27:38.970000-05:00,0.00,5.00,true
101,ART002-E-25492.JPG,2026-04-03T00:27:38.970000-05:00,0.00,5.00,true
102,ART002-E-25492.JPG,2026-04-03T00:27:38.970000-05:00,0.00,5.00,true
103,ART002-E-25492.JPG,2026-04-03T00:27:38.970000-05:00,0.00,5.00,true
104,ART002-E-25492.JPG,2026-04-03T00:27:38.970000-05:00,0.00,5.00,true
105,ART002-E-25492.JPG,2026-04-03T00:27:38.970000-05:00,0.00,5.00,true
106,ART002-E-25492.JPG,2026-04-03T00:27:38.970000-05:00,0.00,5.00,true
107,ART002-E-25492.JPG,2026-04-03T00:27:38.970000-05:00,0.00,5.00,true
108,ART002-E-25492.JPG,2026-04-03T00:27:38.970000-05:00,0.00,5.00,true
109,ART002-E-25492.JPG,2026-04-03T00:27:38.970000-05:00,0.00,5.00,true
110,ART002-E-25492.JPG,2026-04-03T00:27:38.970000-05:00,0.00,5.00,true
111,ART002-E-25492.JPG,2026-04-03T00:27:38.970000-05:00,0.00,5.00,true
112,ART002-E-25492.JPG,2026-04-03T00:27:38.970000-05:00,0.00,5.00,true
113,ART002-E-25492.JPG,2026-04-03T00:27:38.970000-05:00,0.00,5.00,true
114,ART002-E-25492.JPG,2026-04-03T00:27:38.970000-05:00,0.00,5.00,true
115,ART002-E-25492.JPG,2026-04-03T00:27:38.970000-05:00,0.00,5.00,true
116,ART002-E-25492.JPG,2026-04-03T00:27:38.970000-05:00,0.00,5.00,true
117,ART002-E-25492.JPG,2026-04-03T00:27:38.970000-05:00,0.00,5.00,true
118,ART002-E-25493.JPG,2026-04-03T00:32:19.840000-05:00,280.87,5.00,false
119,ART002-E-25494.JPG,2026-04-03T00:32:25.920000-05:00,6.08,5.00,false
120,ART002-E-25495.JPG,2026-04-03T00:32:33.540000-05:00,7.62,5.00,false
121,ART002-E-25496.JPG,2026-04-03T00:33:27.030000-05:00,53.49,5.00,false
122,ART002-E-25496.JPG,2026-04-03T00:33:27.030000-05:00,0.00,5.00,true
123,ART002-E-25496.JPG,2026-04-03T00:33:27.030000-05:00,0.00,5.00,true
124,ART002-E-25497.JPG,2026-04-03T00:33:42.150000-05:00,15.12,5.00,false
125,ART002-E-25497.JPG,2026-04-03T00:33:42.150000-05:00,0.00,5.00,true
126,ART002-E-25497.JPG,2026-04-03T00:33:42.150000-05:00,0.00,5.00,true
127,ART002-E-25497.JPG,2026-04-03T00:33:42.150000-05:00,0.00,5.00,true
128,ART002-E-25497.JPG,2026-04-03T00:33:42.150000-05:00,0.00,5.00,true
129,ART002-E-25497.JPG,2026-04-03T00:33:42.150000-05:00,0.00,5.00,true
130,ART002-E-25497.JPG,2026-04-03T00:33:42.150000-05:00,0.00,5.00,true
131,ART002-E-25498.JPG,2026-04-03T00:34:17.030000-05:00,34.88,5.00,false
132,ART002-E-25498.JPG,2026-04-03T00:34:17.030000-05:00,0.00,5.00,true
133,ART002-E-25498.JPG,2026-04-03T00:34:17.030000-05:00,0.00,5.00,true
134,ART002-E-25498.JPG,2026-04-03T00:34:17.030000-05:00,0.00,5.00,true
135,ART002-E-25498.JPG,2026-04-03T00:34:17.030000-05:00,0.00,5.00,true
136,ART002-E-25498.JPG,2026-04-03T00:34:17.030000-05:00,0.00,5.00,true
137,ART002-E-25498.JPG,2026-04-03T00:34:17.030000-05:00,0.00,5.00,true
138,ART002-E-25499.JPG,2026-04-03T00:34:51.030000-05:00,34.00,5.00,false
139,ART002-E-25500.JPG,2026-04-03T00:34:56.020000-05:00,4.99,5.00,false
140,ART002-E-25501.JPG,2026-04-03T00:35:01.030000-05:00,5.01,5.00,false
141,ART002-E-25502.JPG,2026-04-03T00:35:06.030000-05:00,5.00,5.00,false
142,ART002-E-25503.JPG,2026-04-03T00:35:11.030000-05:00,5.00,5.00,false
143,ART002-E-25504.JPG,2026-04-03T00:35:16.020000-05:00,4.99,5.00,false
144,ART002-E-25505.JPG,2026-04-03T00:35:21.030000-05:00,5.01,5.00,false
145,ART002-E-25506.JPG,2026-04-03T00:35:26.030000-05:00,5.00,5.00,false
146,ART002-E-25507.JPG,2026-04-03T00:35:31.030000-05:00,5.00,5.00,false
147,ART002-E-25508.JPG,2026-04-03T00:35:36.030000-05:00,5.00,5.00,false
148,ART002-E-25509.JPG,2026-04-03T00:35:41.030000-05:00,5.00,5.00,false
149,ART002-E-25510.JPG,2026-04-03T00:35:46.030000-05:00,5.00,5.00,false
150,ART002-E-25511.JPG,2026-04-03T00:35:51.030000-05:00,5.00,5.00,false
151,ART002-E-25512.JPG,2026-04-03T00:35:56.030000-05:00,5.00,5.00,false
152,ART002-E-25513.JPG,2026-04-03T00:36:01.030000-05:00,5.00,5.00,false
153,ART002-E-25514.JPG,2026-04-03T00:36:06.030000-05:00,5.00,5.00,false
154,ART002-E-25515.JPG,2026-04-03T00:36:11.030000-05:00,5.00,5.00,false
155,ART002-E-25516.JPG,2026-04-03T00:36:16.030000-05:00,5.00,5.00,false
156,ART002-E-25517.JPG,2026-04-03T00:36:21.030000-05:00,5.00,5.00,false
157,ART002-E-25518.JPG,2026-04-03T00:36:26.020000-05:00,4.99,5.00,false
158,ART002-E-25519.JPG,2026-04-03T00:36:31.020000-05:00,5.00,5.00,false
159,ART002-E-25520.JPG,2026-04-03T00:36:36.030000-05:00,5.01,5.00,false
160,ART002-E-25521.JPG,2026-04-03T00:36:41.030000-05:00,5.00,5.00,false
161,ART002-E-25522.JPG,2026-04-03T00:36:46.020000-05:00,4.99,5.00,false
162,ART002-E-25523.JPG,2026-04-03T00:36:51.030000-05:00,5.01,5.00,false
163,ART002-E-25524.JPG,2026-04-03T00:36:56.030000-05:00,5.00,5.00,false
164,ART002-E-25525.JPG,2026-04-03T00:37:01.030000-05:00,5.00,5.00,false
165,ART002-E-25526.JPG,2026-04-03T00:37:06.030000-05:00,5.00,5.00,false
166,ART002-E-25527.JPG,2026-04-03T00:37:11.030000-05:00,5.00,5.00,false
167,ART002-E-25528.JPG,2026-04-03T00:37:16.030000-05:00,5.00,5.00,false
168,ART002-E-25529.JPG,2026-04-03T00:37:21.030000-05:00,5.00,5.00,false
169,ART002-E-25530.JPG,2026-04-03T00:37:26.030000-05:00,5.00,5.00,false
170,ART002-E-25531.JPG,2026-04-03T00:37:31.030000-05:00,5.00,5.00,false
171,ART002-E-25532.JPG,2026-04-03T00:37:36.030000-05:00,5.00,5.00,false
172,ART002-E-25533.JPG,2026-04-03T00:37:41.030000-05:00,5.00,5.00,false
173,ART002-E-25534.JPG,2026-04-03T00:37:46.030000-05:00,5.00,5.00,false
174,ART002-E-25535.JPG,2026-04-03T00:37:51.030000-05:00,5.00,5.00,false
175,ART002-E-25536.JPG,2026-04-03T00:37:56.030000-05:00,5.00,5.00,false
176,ART002-E-25537.JPG,2026-04-03T00:38:01.030000-05:00,5.00,5.00,false
177,ART002-E-25538.JPG,2026-04-03T00:38:06.030000-05:00,5.00,5.00,false
178,ART002-E-25539.JPG,2026-04-03T00:38:11.030000-05:00,5.00,5.00,false
179,ART002-E-25540.JPG,2026-04-03T00:38:16.030000-05:00,5.00,5.00,false
180,ART002-E-25541.JPG,2026-04-03T00:38:21.030000-05:00,5.00,5.00,false
181,ART002-E-25542.JPG,2026-04-03T00:38:26.030000-05:00,5.00,5.00,false
182,ART002-E-25543.JPG,2026-04-03T00:38:31.030000-05:00,5.00,5.00,false
183,ART002-E-25544.JPG,2026-04-03T00:38:36.030000-05:00,5.00,5.00,false
184,ART002-E-25545.JPG,2026-04-03T00:38:41.030000-05:00,5.00,5.00,false
185,ART002-E-25546.JPG,2026-04-03T00:38:46.030000-05:00,5.00,5.00,false
186,ART002-E-25547.JPG,2026-04-03T00:38:51.030000-05:00,5.00,5.00,false
187,ART002-E-25548.JPG,2026-04-03T00:38:56.030000-05:00,5.00,5.00,false
188,ART002-E-25549.JPG,2026-04-03T00:39:01.030000-05:00,5.00,5.00,false
189,ART002-E-25550.JPG,2026-04-03T00:39:06.030000-05:00,5.00,5.00,false
